"","prior.info","test.threshold","ave_pop_stop","startpop","endpop","freq_look"
"1","N(0,3.32)",0.996,3984.26666666667,20,150,10
"2","N(0,3.32)",0.993,3980.16666666667,50,150,10
"3","N(0,3.32)",0.982,3935.41176470588,50,150,50
"4","N(u1,tau); tau~U(0,2)",0.997,3950.92307692308,20,150,10
"5","N(u1,tau); tau~U(0,2)",0.995,3876.54545454545,50,150,10
"6","N(u1,tau); tau~U(0,2)",0.99,3967.80952380952,50,150,50
"7","N(u1,tau2); tau2~IG(0.01,0.01)",0.998,3983.57142857143,20,150,10
"8","N(u1,tau2); tau2~IG(0.01,0.01)",0.996,4065.83333333333,50,150,10
"9","N(u1,tau2); tau2~IG(0.01,0.01)",0.993,3967.45454545455,50,150,50
