"","prior.info","test.threshold","ave_pop_stop","startpop","endpop","freq_look"
"1","N(0,3.32)",0.995,4009.125,20,150,10
"2","N(0,3.32)",0.989,3888.6,50,150,10
"3","N(0,3.32)",0.979,3974.52631578947,50,150,50
"4","N(u1,tau); tau~U(0,2)",0.995,3937.2,20,150,10
"5","N(u1,tau); tau~U(0,2)",0.994,3938.2,50,150,10
"6","N(u1,tau); tau~U(0,2)",0.99,4015.72727272727,50,150,50
"7","N(u1,tau2); tau2~IG(0.01,0.01)",0.996,3999.14285714286,20,150,10
"8","N(u1,tau2); tau2~IG(0.01,0.01)",0.995,3925.14285714286,50,150,10
"9","N(u1,tau2); tau2~IG(0.01,0.01)",0.993,3961.90476190476,50,150,50
